Id,Net_demand
1,40604.1388115663
2,36545.7425108009
3,33332.1562233041
4,39569.0156718503
5,41040.5199432498
6,40662.5862880919
7,38695.03554378
8,35475.7639884682
9,34228.6762926743
10,33112.6111967318
11,39455.6082128575
12,40635.8687832598
13,40881.5616094294
14,40012.0722630311
15,37161.6327797929
16,33727.149613598
17,31641.5677106666
18,37934.1125865749
19,40807.4922394592
20,40521.3488471098
21,41228.0703086634
22,41354.246749192
23,37623.8940782045
24,34651.912469721
25,37198.813317956
26,36306.6180298051
27,39655.6066942693
28,44562.0842948516
29,41894.0666156189
30,30914.2107883867
31,32216.3072294145
32,42085.3017147449
33,43272.0572359275
34,37965.189768465
35,41089.9202380578
36,41284.9870145876
37,37035.4786501974
38,35266.1862296843
39,40466.9259964558
40,42364.9184616371
41,43007.5898087889
42,42194.8960735168
43,39904.9263551657
44,33110.8656773337
45,31871.9739434216
46,39135.2382456029
47,40044.549931812
48,37937.6060608249
49,38469.5469071526
50,36643.1393570046
51,34253.5448646701
52,26943.172196944
53,32373.2042495695
54,37706.295944691
55,37829.3358031452
56,36620.3109286405
57,36558.7385880654
58,33342.7075867006
59,32861.6553988435
60,35024.4019951351
61,29256.6569882222
62,35396.3290436461
63,36414.0039727658
64,38671.869854285
65,41911.8018664039
66,36472.5581365031
67,38648.0238011992
68,39051.6160274129
69,42276.3227810584
70,47069.192826098
71,40850.1916688473
72,38702.2629981671
73,39896.6601425549
74,46081.9568555677
75,43808.8476601445
76,40570.5172855546
77,39095.8343960028
78,44097.2356742395
79,44214.7327218374
80,40417.2414216074
81,47214.9615014159
82,48061.2437156065
83,47855.6860255421
84,47802.7062099972
85,50736.5203915485
86,47880.9249094955
87,44852.7472836087
88,53053.306846559
89,57208.057922519
90,58238.9441501719
91,57809.8565111063
92,60123.5681748592
93,54069.5995849759
94,55120.0753971288
95,63320.5792265944
96,64348.1811499739
97,64361.0880344546
98,65667.2876691186
99,66196.4124345624
100,63247.526444719
101,63077.2864688106
102,71102.7890141653
103,71215.0325842463
104,68297.8211268875
105,66127.062892263
106,67092.4009318947
107,66136.9839215859
108,58856.3838210593
109,54157.4205510416
110,50502.8196114444
111,47969.6710046262
112,42095.6584902771
113,39143.3912595977
114,41745.2428147965
115,39673.55362698
116,42344.1763619727
117,48806.3585306945
118,41661.5807383943
119,40260.7727331872
120,36295.2752245241
121,32702.7018887846
122,30145.8446722801
123,42363.8292809487
124,48005.7447822832
125,44641.6889766888
126,47883.6357678196
127,47338.5862372423
128,39495.4679343625
129,38076.1864423057
130,44974.4261016488
131,50144.2450321915
132,47074.0954323172
133,44362.7462283299
134,44340.0542588131
135,40669.8720390083
136,40562.7489299495
137,47947.3332033512
138,61873.9126950273
139,64220.9258586398
140,66324.7698862235
141,65309.1735320403
142,58487.9222537148
143,60830.55654662
144,66095.949434319
145,67897.6181197383
146,70876.9290859131
147,68281.0599960041
148,63648.2095637192
149,61477.0459184192
150,62081.226088896
151,64709.0707695355
152,62483.1592301376
153,57116.5391793696
154,55088.9126270667
155,54837.6615484599
156,51830.3997775873
157,48632.5104543143
158,57463.5539650986
159,60502.3827381692
160,64466.8567908125
161,66163.2841778145
162,65142.6781753559
163,57970.7381740369
164,52971.6893559255
165,58081.1642759343
166,58928.091686492
167,57397.2233700275
168,54765.79233074
169,47149.9383290657
170,40438.6493078049
171,41166.8186631853
172,50568.9631634061
173,53408.5409697609
174,53802.7064286824
175,53733.0982442642
176,53553.5477419692
177,47236.949540773
178,43344.7228457597
179,54290.2199907477
180,61022.2536210724
181,62738.5705169041
182,61465.0086895928
183,59407.9257017449
184,54799.2229539393
185,53734.3010601022
186,59662.0544706831
187,57295.8775227988
188,47304.3901988573
189,42652.0119008464
190,41528.885653823
191,45243.6594656744
192,36647.0500665703
193,35799.0114159264
194,39211.0101837036
195,48946.4869299791
196,44770.9906133534
197,41805.8252821315
198,38636.3833220449
199,37099.8096038723
200,46025.7056089846
201,45879.1877761257
202,39620.9328748606
203,36250.3229415824
204,33985.3924295267
205,31391.4211091918
206,32774.2644258199
207,45069.3201731152
208,47627.4891767536
209,43316.099542862
210,35751.8256691957
211,31819.455437955
212,30568.9111894451
213,35597.5668365986
214,43623.8724445863
215,47350.8753511856
216,49728.9551859987
217,47001.3742497499
218,45110.4721133616
219,40564.6679473103
220,38209.1713499893
221,35851.3721662885
222,37632.6442187335
223,36760.2616657436
224,40880.1019061251
225,43250.6794895643
226,35206.5508904055
227,37706.9257810302
228,41375.7756497646
229,39630.8171321812
230,37386.6778947539
231,39631.7224831696
232,42289.0563771734
233,36765.5470584619
234,30554.2059491639
235,39158.8522419805
236,44982.1685367564
237,44538.3028350797
238,42515.9931691898
239,38422.0900658628
240,36092.6633721964
241,34204.246964882
242,32216.3647052513
243,35866.4564993741
244,34669.4820757681
245,35288.3127016663
246,37291.9892122882
247,34858.5852305535
248,32239.4536240521
249,33666.3057815242
250,34797.4671680126
251,34805.4403018504
252,38837.8964440758
253,38265.4856150678
254,33445.6630364921
255,31412.7332108399
256,35909.5361583024
257,35817.7744440918
258,36591.4396634505
259,32528.4324804651
260,33770.5305902656
261,29209.5624259735
262,30013.5004164465
263,35564.7640420569
264,34597.4676140885
265,34264.1255426932
266,31993.1402555365
267,31570.617570683
268,29040.9005815936
269,26943.2793899297
270,26600.160169821
271,29575.2584958686
272,31904.4643465598
273,33866.8815156208
274,32242.1591316775
275,29086.5509503598
276,28004.6938824477
277,33124.45980286
278,35078.2278157832
279,34768.0835755017
280,35515.1375360217
281,36548.597832765
282,34853.3600358456
283,31631.4534582923
284,37081.0863199423
285,37992.9768273072
286,37304.3541689702
287,37877.129343627
288,38490.2736897195
289,34932.8629618094
290,31861.0329148239
291,37308.5173335036
292,37855.3394295129
293,39531.0644597941
294,37794.075872449
295,37902.4706415145
296,33919.5403824427
297,30851.7642209447
298,34881.2163997653
299,37698.6362227229
300,38947.5902756583
301,38386.9147033996
302,35886.7340790598
303,27364.6300921391
304,27524.9701026533
305,32629.3636482499
306,36112.9145153316
307,34660.1954774068
308,38926.8489614689
309,37770.0927008943
310,34700.7011344736
311,32901.2983349966
312,39212.5404630465
313,39465.9587762193
314,37560.5181243213
315,39162.3465965736
316,31984.4289173115
317,26035.590298377
318,30198.1385189485
319,37379.2335405092
320,40139.1622257574
321,37415.6078403726
322,40129.504401758
323,36697.3644448626
324,32384.2831373416
325,28786.4774533527
326,35752.2202998095
327,36301.2291510908
328,36005.5349073852
329,34022.1637505334
330,35638.2852987229
331,30463.320569428
332,25834.1971739422
333,30048.3921998234
334,27725.4174673674
335,24705.5611034082
336,28768.8134539739
337,31869.6299829176
338,25950.3403721768
339,21731.1162860955
340,31588.2634785199
341,33636.2307800378
342,34702.4003752262
343,35134.1548408377
344,35147.9602261894
345,30888.3063109312
346,30602.7856953572
347,34816.1753261175
348,32609.1412634582
349,34377.5782918883
350,36263.6481779523
351,36253.3002973373
352,33305.3521681582
353,32417.4299475271
354,38726.1309729225
355,40021.0961739243
356,40594.640100485
357,39880.2025895638
358,37222.995630165
359,34145.6638152121
360,30582.6618914954
361,34845.6859993576
362,37877.3248411381
363,37320.4807446124
364,37498.5742950235
365,37221.1298720011
366,34232.3399672667
367,30974.7117140898
368,35287.4085190759
369,39308.3848463848
370,40437.9147655869
371,40925.3428731828
372,40580.314382556
373,36357.9093262843
374,33125.7743172261
375,39088.3742562846
376,40443.450431983
377,40377.5436168349
378,40421.2229463944
379,38526.1327561127
380,34381.6723248002
381,31387.5621879425
382,33867.2216171512
383,35250.430243959
384,34036.0152853973
385,36765.7938940039
386,35428.45628747
387,32863.4891790233
388,30558.0134672062
389,37112.0378999643
390,39019.9653923645
391,38338.6573149872
392,39213.1319161253
393,35081.7854901316
394,34271.8836250047
395,34483.2108149231
